{
    "size": [
        800,
        600
    ],
    "ball": {
        "position": [
            191.0,
            509.0
        ]
    },
    "hole": {
        "position": [
            568.0,
            250.0
        ]
    },
    "barrier": [
        [
            290.0,
            570.0
        ],
        [
            130.0,
            570.0
        ],
        [
            10.0,
            210.0
        ],
        [
            10.0,
            10.0
        ],
        [
            270.0,
            10.0
        ],
        [
            670.0,
            210.0
        ],
        [
            590.0,
            350.0
        ],
        [
            190.0,
            190.0
        ]
    ],
    "statics": [
        {
            "type": "Ball",
            "position": [
                166.0,
                215.0
            ],
            "parameters": [
                56.60388679233962,
                32.0
            ]
        },
        {
            "type": "Ball",
            "position": [
                10.0,
                11.0
            ],
            "parameters": [
                67.11929677819934,
                32.0
            ]
        },
        {
            "type": "Ball",
            "position": [
                191.0,
                193.0
            ],
            "parameters": [
                97.67292357659824,
                32.0
            ]
        }
    ],
    "kinetics": [], 

    "stars": []
}